customer_id,name,age,signup_date,country,monthly_spend
C001,Jane Kim,34,2023-01-05,US,12.50
C002,Mike Lee,32,2023-01-12,US,11.00
C003,Sara Park,31,2023-01-05,US,9.99
C004,Tom Choi,29,2023-02-18,US,13.20
C005,Amy Han,41,2023-03-02,US,21.00
C006,Chris Yoon,36,2023-03-15,US,15.00
C007,Grace Oh,38,2023-03-22,US,18.30
C008,David Shin,44,2023-04-01,US,16.50
C009,Linda Baek,27,2023-04-09,US,8.00
C010,Kevin Moon,45,2023-04-20,US,30.00
C011,Nora Jung,30,2023-05-02,US,12.25
C012,Paul Song,33,2023-05-10,US,14.00
C013,Ella Yang,28,2023-05-11,US,14.75
C014,Brian Cho,50,2023-05-25,US,40.10
C015,Rachel Nam,26,2023-06-01,US,10.00
