customer_name,transaction_date,product,region,quantity,sales_amount,channel
Samsung Elec.,2026/01/05,A-100,Seoul,10,"12,000,000",online
삼성전자(주),Jan 18 2026,A100,서울특별시,8,"9,600,000",Online
Samsung Electronics,2026.02.03,A-100,서울,7,"8,400,000",ON-LINE
삼성전자,03/15/26,A100 ,Seoul-si,5,"6,000,000",online
LG전자,2026-01-07,B-200,경기,12,"18,000,000",offline
LG Electronics,2026/01/21,B200,Gyeonggi-do,10,"15,000,000",Offline
LG 전자(주),"Feb 11, 2026",B-200 ,경기도,8,"12,000,000",offline
LG전자,2026.03.04,B200,Gyeong기,4,"6,000,000",offline
SK hynix,2026/01/09,C-300,경북,20,"20,000,000",online
SK하이닉스,2026-01-28,C300,Gyeongbuk,18,"18,000,000",Online
SK Hynix Inc.,02/19/2026,C-300,경상북도,15,"15,000,000",online
SK하이닉스(주),2026.03.18,C300 ,경북,9,"9,000,000",online
현대모비스,2026/01/12,D-400,울산,15,"22,500,000",offline
Hyundai Mobis,2026-02-02,D400,Ulsan,13,"19,500,000",Offline
현대 모비스(주),Feb 25 2026,D-400 ,울산광역시,10,"15,000,000",offline
HyundaiMobis,03/22/26,D400,Ulsan-si,3,"4,500,000",offline
포스코,2026/01/15,E-500,포항,30,"45,000,000",offline
POSCO,2026-02-08,E500,Pohang,25,"37,500,000",Offline
POSCO Holdings,2026.02.27,E-500,경북 포항,18,"27,000,000",offline
포스코(주),2026/03/25,E500 ,포항시,10,"15,000,000",offline
한화시스템,2026/01/20,F-600,대전,9,"13,500,000",online
Hanwha Systems,Feb 06 2026,F600,Daejeon,8,"12,000,000",Online
한화 시스템(주),2026-02-23,F-600 ,대전광역시,6,"9,000,000",online
HanwhaSystems,03/29/2026,F600,대전,2,"3,000,000",online
삼성전자,2026/04/03,A-100,서울,4,"4,800,000",online
LG전자,2026-04-05,B-200,경기도,3,"4,500,000",offline
SK하이닉스,Apr 08 2026,C-300,경북,5,"5,000,000",online
현대모비스,2026.04.10,D-400,울산광역시,2,"3,000,000",offline
포스코,04/12/26,E-500,포항,7,"10,500,000",offline
한화시스템,2026/04/15,F-600,대전,3,"4,500,000",online
